--CALL_TYPES
insert into CALL_TYPES (CALL_TYPE, DEPARTMENT) values ('SA','Sales');
insert into CALL_TYPES (CALL_TYPE, DEPARTMENT) values ('TS','Tech Support');
insert into CALL_TYPES (CALL_TYPE, DEPARTMENT) values ('BL','Billing');

--INTERNET PACKAGES
INSERT into INTERNETPACKAGES (PACKAGE, DESCRIPTION, MONTHLYCOST, UPLOAD, DOWNLOAD, BANDWIDTH, OVERAGEFEE, FEATURES)
  VALUES ('GOLD','EVERYTHING UNLIMITED',99.99,60.50,15.25,10000.00,0.00,'NO OVERAGE FEES');
INSERT into INTERNETPACKAGES (PACKAGE, DESCRIPTION, MONTHLYCOST, UPLOAD, DOWNLOAD, BANDWIDTH, OVERAGEFEE, FEATURES)
  VALUES ('SILVER','SEMI-UNLIMITED',69.99,30.00,10.00,500.00,0.25,'500GB OF DATA');
INSERT into INTERNETPACKAGES (PACKAGE, DESCRIPTION, MONTHLYCOST, UPLOAD, DOWNLOAD, BANDWIDTH, OVERAGEFEE, FEATURES)
  VALUES ('BRONZE','LIMITED',49.99,10.00,5.25,250.00,0.25,'NO SPECIAL FEATURES');

--CUSTOMER
insert into CUSTOMERS(CUSTOMER_NUM, FNAME, LNAME, ADDRESS, PHONE, EMAIL, PACKAGE, PROVINCE, PASSWORD)
values ('5232723278', 'Aksel', 'Olliver', '1 Schurz Place', '7638036887', 'aolliver0@nps.gov', 'SILVER','QC','exV4bwGD');
insert into CUSTOMERS(CUSTOMER_NUM, FNAME, LNAME, ADDRESS, PHONE, EMAIL, PACKAGE, PROVINCE, PASSWORD)
values ('3198941687', 'Carita', 'Saiger', '632 Dryden Point', '9264743389', 'csaiger1@google.com.br', 'GOLD','AB','oETbHMcabWr');
insert into CUSTOMERS(CUSTOMER_NUM, FNAME, LNAME, ADDRESS, PHONE, EMAIL, PACKAGE, PROVINCE, PASSWORD)
values ('8076107792', 'Clara', 'Tisor', '18973 Caliangt Place', '2039969320', 'ctisor2@baidu.com', NULL,'BC','123456789');
insert into CUSTOMERS(CUSTOMER_NUM, FNAME, LNAME, ADDRESS, PHONE, EMAIL, PACKAGE, PROVINCE, PASSWORD)
values ('2139119606', 'Rutger', 'Rizzo', '9 Logan Lane', '5025839547', 'rrizzo3@miibeian.gov.cn', 'GOLD','MB','4v2zhLYJ');
insert into CUSTOMERS(CUSTOMER_NUM, FNAME, LNAME, ADDRESS, PHONE, EMAIL, PACKAGE, PROVINCE, PASSWORD)
values ('9963017584', 'Bartholomew', 'Moreno', '55 Blackbird Park', '7011153955', 'bmoreno4@discovery.com', 'SILVER','NS','RM4thfOZ');
insert into CUSTOMERS(CUSTOMER_NUM, FNAME, LNAME, ADDRESS, PHONE, EMAIL, PACKAGE, PROVINCE, PASSWORD)
values ('7079486475', 'Lowell', 'Nelhams', '67708 Harper Junction', '9696218559', 'lnelhams5@boston.com', 'GOLD','NT','DAWSONcollege');
insert into CUSTOMERS(CUSTOMER_NUM, FNAME, LNAME, ADDRESS, PHONE, EMAIL, PACKAGE, PROVINCE, PASSWORD)
values ('9528963080', 'Mercie', 'Heeney', '44 Nobel Court', '3533461066', 'mheeney6@un.org', NULL,'ON','vcCc4QxgYF1m');
insert into CUSTOMERS(CUSTOMER_NUM, FNAME, LNAME, ADDRESS, PHONE, EMAIL, PACKAGE, PROVINCE, PASSWORD)
values ('7975482129', 'Cole', 'Gillham', '22 Toban Circle', '1457519275', 'cgillham7@google.fr','GOLD','PE','g1egRdsZ');
insert into CUSTOMERS(CUSTOMER_NUM, FNAME, LNAME, ADDRESS, PHONE, EMAIL, PACKAGE, PROVINCE, PASSWORD)
values ('6624718900', 'Alexandre', 'Jeremiah', '60 Hudson Parkway', '8997017254', 'ajeremiah8@posterous.com', 'SILVER','YT','CHZr8Wwe');
insert into CUSTOMERS(CUSTOMER_NUM, FNAME, LNAME, ADDRESS, PHONE, EMAIL, PACKAGE, PROVINCE, PASSWORD)
values ('6661445734', 'Flynn', 'Harpham', '5977 Sachtjen Lane', '4673631397', 'fharpham9@mail.ru', 'SILVER','QC','LgyEIufe');

--EMPLOYEE
insert into EMPLOYEE (EMPLOYEE_NUM, FNAME, LNAME, PHONE, EMAIL, PASSWORD)
  values ('7255524443', 'Yorker', 'Munn', '3377821782', 'ymunn0@skyrock.com','VvchvNaM3T');
insert into EMPLOYEE (EMPLOYEE_NUM, FNAME, LNAME, PHONE, EMAIL, PASSWORD)
  values ('8606466697', 'Jody', 'Stanborough', '2679066477', 'jstanborough1@shop-pro.jp','VGEoOmOk32f');
insert into EMPLOYEE (EMPLOYEE_NUM, FNAME, LNAME, PHONE, EMAIL, PASSWORD)
  values ('6141700926','Gilles', 'Ruffli', '3295517424', 'gruffli2@alexa.com','ATWATERMETRO');
insert into EMPLOYEE (EMPLOYEE_NUM, FNAME, LNAME, PHONE, EMAIL, PASSWORD)
  values ('3540136215','Rollo', 'Chin', '9394214836', 'rchin3@patch.com','MTkpVfFdlakE');
insert into EMPLOYEE (EMPLOYEE_NUM, FNAME, LNAME, PHONE, EMAIL, PASSWORD)
  values ('9618482839','Tabb', 'Beedle', '7237282074', 'tbeedle4@last.fm','aV0j0YIj9Zy');
insert into EMPLOYEE (EMPLOYEE_NUM, FNAME, LNAME, PHONE, EMAIL, PASSWORD)
  values ('3366570288','Murdoch', 'Rantoul', '2985036670', 'mrantoul5@privacy.gov.au','TWN4DlVT0');
insert into EMPLOYEE (EMPLOYEE_NUM, FNAME, LNAME, PHONE, EMAIL, PASSWORD)
  values ('1576849333','El', 'Dongles', '8536235106', 'edongles6@geocities.com','RwXNAFG2');
insert into EMPLOYEE (EMPLOYEE_NUM, FNAME, LNAME, PHONE, EMAIL, PASSWORD)
  values ('0247171964','Dorolice', 'Castelin', '7329829988', 'dcastelin7@mapy.cz','86p3rGshM');
insert into EMPLOYEE (EMPLOYEE_NUM, FNAME, LNAME, PHONE, EMAIL, PASSWORD)
  values ('1931850771','Walden', 'Leverentz', '6755474793', 'wleverentz8@cnbc.com','PC9WGVCX3BSc');
insert into EMPLOYEE (EMPLOYEE_NUM, FNAME, LNAME, PHONE, EMAIL, PASSWORD)
  values ('2632637163','Ashby', 'Cappineer', '5698127014', 'acappineer9@economist.com','TWb4DleQa');

--Province Tax
insert into PROVINCE_TAX (TAX_REGION, REGION, STARTDATE, ENDDATE, RATE) values ('AB', 'ALBERTA', '14-APR-17', '10-NOV-17', 0.402);
insert into PROVINCE_TAX (TAX_REGION, REGION, STARTDATE, ENDDATE, RATE) values ('BC', 'BRITISH COLOMBIA', '10-Apr-2017', '15-Dec-2012', 0.623);
insert into PROVINCE_TAX (TAX_REGION, REGION, STARTDATE, ENDDATE, RATE) values ('MB', 'MANITOBA', '19-Sep-2015', '07-Mar-2013', 0.705);
insert into PROVINCE_TAX (TAX_REGION, REGION, STARTDATE, ENDDATE, RATE) values ('NB', 'NEW BRUNSWICK', '17-Feb-2016', '05-Feb-2015', 0.836);
insert into PROVINCE_TAX (TAX_REGION, REGION, STARTDATE, ENDDATE, RATE) values ('NL', 'NEWFOUND LAND', '02-Feb-2013', '26-Aug-2013', 0.689);
insert into PROVINCE_TAX (TAX_REGION, REGION, STARTDATE, ENDDATE, RATE) values ('NS', 'NOVA SCOTIA', '05-Sep-2014', '20-May-2016', 0.706);
insert into PROVINCE_TAX (TAX_REGION, REGION, STARTDATE, ENDDATE, RATE) values ('NT', 'NORTHWEST TERRITORIES', '03-Apr-2018', '23-Nov-2013', 0.923);
insert into PROVINCE_TAX (TAX_REGION, REGION, STARTDATE, ENDDATE, RATE) values ('NU', 'NUNAVUT', '04-May-2014', '15-Mar-2017', 0.794);
insert into PROVINCE_TAX (TAX_REGION, REGION, STARTDATE, ENDDATE, RATE) values ('ON', 'ONTARIO', '16-Aug-2016', '12-Apr-2014', 0.972);
insert into PROVINCE_TAX (TAX_REGION, REGION, STARTDATE, ENDDATE, RATE) values ('PE', 'PRINCE EDWARDS ISLAND', '29-Apr-2016', '20-Sep-2016', 0.679);
insert into PROVINCE_TAX (TAX_REGION, REGION, STARTDATE, ENDDATE, RATE) values ('QC', 'QUEBEC', '12-Jan-2017', '03-Nov-2017', 0.688);
insert into PROVINCE_TAX (TAX_REGION, REGION, STARTDATE, ENDDATE, RATE) values ('SK', 'SASKATCHEWAN', '21-Feb-2016', '04-Oct-2012', 0.275);
insert into PROVINCE_TAX (TAX_REGION, REGION, STARTDATE, ENDDATE, RATE) values ('YT', 'YUKON', '24-Dec-2017', '17-Nov-2015', 0.826);

--FEDERAL TAX
insert into FEDERAL_TAX (COUNTRY_CODE, STARTDATE, ENDDATE, RATE) values ('CAD', '30-Aug-2012', '17-Apr-2018',0.997);

--INSTALLATION
insert into INSTALLATION  (INSTALLATION_NUM, CUSTOMER_NUM, EMPLOYEE_NUM , NOTES , INSTALLATION_DATE ) values ('8870638448', '5232723278', '2632637163', 'notes is nothing', '18-APR-05');
insert into INSTALLATION  (INSTALLATION_NUM, CUSTOMER_NUM, EMPLOYEE_NUM , NOTES , INSTALLATION_DATE ) values ('3832180117', '3198941687', '6141700926', 'notes is nothing', '18-JUN-24');
insert into INSTALLATION  (INSTALLATION_NUM, CUSTOMER_NUM, EMPLOYEE_NUM , NOTES , INSTALLATION_DATE ) values ('1055858326', '8076107792', '9618482839', 'notes is nothing', '20-MAR-23');
insert into INSTALLATION  (INSTALLATION_NUM, CUSTOMER_NUM, EMPLOYEE_NUM , NOTES , INSTALLATION_DATE ) values ('9860690944', '2139119606', '3366570288', 'notes is nothing', '18-SEP-18');
insert into INSTALLATION  (INSTALLATION_NUM, CUSTOMER_NUM, EMPLOYEE_NUM , NOTES , INSTALLATION_DATE ) values ('6097898037', '9963017584', '1576849333', 'notes is nothing', '19-AUG-18');
insert into INSTALLATION  (INSTALLATION_NUM, CUSTOMER_NUM, EMPLOYEE_NUM , NOTES , INSTALLATION_DATE ) values ('7068650775', '7079486475', '9618482839', 'notes is nothing', '18-NOV-11');

--calls
insert into CALLS  (CALL_ID , PHONE, EMPLOYEE_NUM , CUSTOMER_NUM , NOTES, CALL_TYPE) values ('1022799274', '5142642009', '7255524443', '5232723278', 'call is done well','BL');
insert into CALLS  (CALL_ID , PHONE, EMPLOYEE_NUM , CUSTOMER_NUM , NOTES, CALL_TYPE) values ('5656204979', '5146401737', '8606466697', '3366570288', 'call is done very well','SA');
insert into CALLS  (CALL_ID , PHONE, EMPLOYEE_NUM , CUSTOMER_NUM , NOTES, CALL_TYPE) values ('7480936370', '5146758855', '6141700926', '8076107792', 'call is done not well','BL');
insert into CALLS  (CALL_ID , PHONE, EMPLOYEE_NUM , CUSTOMER_NUM , NOTES, CALL_TYPE) values ('1561138568', '5146738802', '3540136215', '2139119606', 'call is done very well','TS');
insert into CALLS  (CALL_ID , PHONE, EMPLOYEE_NUM , CUSTOMER_NUM , NOTES, CALL_TYPE) values ('8724970425', '5143525545', '9618482839', '6141700926', 'call is done well','TS');
insert into CALLS  (CALL_ID , PHONE, EMPLOYEE_NUM , CUSTOMER_NUM , NOTES, CALL_TYPE) values ('7418457189', '5142642008', '2632637163', '3366570288', 'call is done well','TS');
insert into CALLS  (CALL_ID , PHONE, EMPLOYEE_NUM , CUSTOMER_NUM , NOTES, CALL_TYPE) values ('8949115727', '5146401738', '1931850771', '1576849333', 'call is done very well','SA');
insert into CALLS  (CALL_ID , PHONE, EMPLOYEE_NUM , CUSTOMER_NUM , NOTES, CALL_TYPE) values ('9547326287', '5146758857', '0247171964', '1931850771', 'call is done not well','BL');
insert into CALLS  (CALL_ID , PHONE, EMPLOYEE_NUM , CUSTOMER_NUM , NOTES, CALL_TYPE) values ('0847698092', '5146738808', '1576849333', '2632637163', 'call is done very well','TS');

--ISSUES
insert into ISSUE  (ISSUE_NUM , ISSUETYPE , ISSUEDESCRIPTION , ISSUE_DATE ) values ('084', 'CONNECTION', 'EVERYTHNG GOES WELL', '17-AUG-08');
insert into ISSUE  (ISSUE_NUM , ISSUETYPE , ISSUEDESCRIPTION , ISSUE_DATE ) values ('954', 'LOWSPEED', 'EVERYTHNG GOES WELL', '18-JAN-1');
insert into ISSUE  (ISSUE_NUM , ISSUETYPE , ISSUEDESCRIPTION , ISSUE_DATE ) values ('894', 'ELECTRICITY', 'EVERYTHNG GOES WELL', '18-APR-04');
insert into ISSUE  (ISSUE_NUM , ISSUETYPE , ISSUEDESCRIPTION , ISSUE_DATE ) values ('741', 'BLOCKINGSITES', 'EVERYTHNG GOES WELL', '18-NOV-11');
--TECH_SUPP
insert into TECH_SUPP  (CALL_ID, ISSUE_NUM) values ('8724970425','084');
insert into TECH_SUPP  (CALL_ID, ISSUE_NUM) values ('0847698092','954');
insert into TECH_SUPP  (CALL_ID, ISSUE_NUM) values ('1561138568','894');
insert into TECH_SUPP  (CALL_ID, ISSUE_NUM) values ('7418457189','741');

--INVOICING
insert into INVOICING  (INVOICE_NUM, CUSTOMER_NUM , BILLING_DATE, DUEDATE , RECIEVED , COUNTRY_CODE , PROVINCE_TAX ) values ('3421710457', '5232723278', '15-JAN-26', '15-FEB-26', '17-FEB-9', 'CAD', 'QC');
insert into INVOICING  (INVOICE_NUM, CUSTOMER_NUM , BILLING_DATE, DUEDATE , RECIEVED , COUNTRY_CODE , PROVINCE_TAX ) values ('3747242340', '3198941687', '17-MAY-6', '17-JUN-6', '17-JUN-2', 'CAD', 'AB');
insert into INVOICING  (INVOICE_NUM, CUSTOMER_NUM , BILLING_DATE, DUEDATE , RECIEVED , COUNTRY_CODE , PROVINCE_TAX ) values ('3561013856', '8076107792', '17-JAN-8', '17-FEB-8', '17-MAR-6', 'CAD', 'BC');
insert into INVOICING  (INVOICE_NUM, CUSTOMER_NUM , BILLING_DATE, DUEDATE , RECIEVED , COUNTRY_CODE , PROVINCE_TAX ) values ('6354364915', '2139119606', '13-MAY-5', '13-JUN-5', '13-JUL-1', 'CAD', 'MB');
insert into INVOICING  (INVOICE_NUM, CUSTOMER_NUM , BILLING_DATE, DUEDATE , RECIEVED , COUNTRY_CODE , PROVINCE_TAX ) values ('6990604409', '9963017584', '15-APR-14', '15-MAY-14', '15-MAY-10', 'CAD', 'NS');
insert into INVOICING  (INVOICE_NUM, CUSTOMER_NUM , BILLING_DATE, DUEDATE , RECIEVED , COUNTRY_CODE , PROVINCE_TAX ) values ('6612880198', '9528963080', '18-JAN-3', '18-FEB-7', '18-FEB-1', 'CAD', 'ON');
insert into INVOICING  (INVOICE_NUM, CUSTOMER_NUM , BILLING_DATE, DUEDATE , RECIEVED , COUNTRY_CODE , PROVINCE_TAX ) values ('5343700470', '7975482129', '17-MAY-5', '17-JUN-7', '17-JUN-5', 'CAD', 'PE');
insert into INVOICING  (INVOICE_NUM, CUSTOMER_NUM , BILLING_DATE, DUEDATE , RECIEVED , COUNTRY_CODE , PROVINCE_TAX ) values ('6569533991', '6624718900', '18-MAR-14', '18-APR-15', '18-APR-13', 'CAD', 'YT');
insert into INVOICING  (INVOICE_NUM, CUSTOMER_NUM , BILLING_DATE, DUEDATE , RECIEVED , COUNTRY_CODE , PROVINCE_TAX ) values ('6800750271', '6661445734', '17-FEB-10', '17-MAR-12', '17-MAR-11', 'CAD', 'QC');

-- ITEMS
insert into ITEMS (ITEM_NUM,ITEM_DESC) values ('868', 'CHARGE1');
insert into ITEMS (ITEM_NUM, ITEM_DESC) values ('282', 'CHARGE2');
insert into ITEMS (ITEM_NUM, ITEM_DESC) values ('973', 'CHARGE3');
insert into ITEMS (ITEM_NUM, ITEM_DESC) values ('652', 'CHARGE4');
insert into ITEMS (ITEM_NUM, ITEM_DESC) values ('964', 'CHARGE5');
insert into ITEMS (ITEM_NUM, ITEM_DESC) values ('476', 'CHARGE6');
insert into ITEMS (ITEM_NUM, ITEM_DESC) values ('326', 'CHARGE7');
insert into ITEMS (ITEM_NUM, ITEM_DESC) values ('825', 'CHARGE8');
insert into ITEMS (ITEM_NUM, ITEM_DESC) values ('944', 'CHARGE9');
insert into ITEMS (ITEM_NUM, ITEM_DESC) values ('183', 'CHARGE10');

--INVOICE_ITEM
insert into INVOICE_ITEM (INVOICE_NUM, ITEM_NUM, AMOUNT) values ('3421710457', '868', '127');
insert into INVOICE_ITEM (INVOICE_NUM, ITEM_NUM, AMOUNT) values ('3747242340', '282', '571');
insert into INVOICE_ITEM (INVOICE_NUM, ITEM_NUM, AMOUNT) values ('3561013856', '973', '313');
insert into INVOICE_ITEM (INVOICE_NUM, ITEM_NUM, AMOUNT) values ('6354364915', '652', '676');
insert into INVOICE_ITEM (INVOICE_NUM, ITEM_NUM, AMOUNT) values ('6990604409', '964', '617');
insert into INVOICE_ITEM (INVOICE_NUM, ITEM_NUM, AMOUNT) values ('6612880198', '326', '630');
insert into INVOICE_ITEM (INVOICE_NUM, ITEM_NUM, AMOUNT) values ('5343700470', '825', '296');
insert into INVOICE_ITEM (INVOICE_NUM, ITEM_NUM, AMOUNT) values ('6569533991', '944', '184');
insert into INVOICE_ITEM (INVOICE_NUM, ITEM_NUM, AMOUNT) values ('6800750271', '183', '247');


UPDATE CUSTOMERS SET SALT = '5hg7b6bumfrd8dbq7b538dvgnkgu' WHERE CUSTOMER_NUM = '5232723278';
UPDATE CUSTOMERS SET PASSHASH = '0294F8B9E754BFE3219F8030AB2824A50E132D1DB8279BE225A12F056E8231B3' WHERE CUSTOMER_NUM = '5232723278';


UPDATE CUSTOMERS SET SALT = '76o4h4qbgbnkg924ksjaof16viue' WHERE CUSTOMER_NUM = '3198941687';
UPDATE CUSTOMERS SET PASSHASH = 'DA41F4416112E9812CE434765294C438229FF721FBAC46806E8ACDBAC0BB5A5E' WHERE CUSTOMER_NUM = '3198941687';



UPDATE CUSTOMERS SET SALT = '422pfhj2r4doinikkl4rt2pqog62' WHERE CUSTOMER_NUM = '8076107792';
UPDATE CUSTOMERS SET PASSHASH = 'CEDB1A5D7ECAC7901F0FECA4E08263BD542D6B01E1DAFC587089CE2CA9B1B757' WHERE CUSTOMER_NUM = '8076107792';

UPDATE CUSTOMERS SET SALT = 'u2ih51aie9slhuqs2hetm60u7qmb' WHERE CUSTOMER_NUM = '7079486475';
UPDATE CUSTOMERS SET PASSHASH = '150F546A4016536FE1D618E26CF9630B22EE5847D15FB3A415A4D77C5496430F' WHERE CUSTOMER_NUM = '7079486475';


UPDATE CUSTOMERS SET SALT = 'fajhlo9ju589nc3na4u51gl6vrt8' WHERE CUSTOMER_NUM = '9528963080';
UPDATE CUSTOMERS SET PASSHASH = 'A4A02178EC25950E0D6A2865F5F60F7C05728DE9ED1F04AE28897B265F75367D' WHERE CUSTOMER_NUM = '9528963080';


UPDATE CUSTOMERS SET SALT = 'lmt0sc107lvjasgte4smif0ggb3l' WHERE CUSTOMER_NUM = '7975482129';
UPDATE CUSTOMERS SET PASSHASH = '3621E24214162A9174E6FC520595B27BA78420C00334DB46CF5EA519A172BC41' WHERE CUSTOMER_NUM = '7975482129';

UPDATE CUSTOMERS SET SALT = '9e39j30mg3pk94svp31fk4d8oeck' WHERE CUSTOMER_NUM = '6624718900';
UPDATE CUSTOMERS SET PASSHASH = '23578C18665607AA2C44CBFAAA61D8909CEE254E6ED73DC1E75743B1C34FE017' WHERE CUSTOMER_NUM = '6624718900';

commit;